StartDate,EndDate,Status,IPAddress,Progress,Duration (in seconds),Finished,RecordedDate,ResponseId,RecipientLastName,RecipientFirstName,RecipientEmail,ExternalReference,LocationLatitude,LocationLongitude,DistributionChannel,UserLanguage,Q1,Q2,Q36,Q36_11_TEXT,Q41,Q38,Q35_First Click,Q35_Last Click,Q35_Page Submit,Q35_Click Count,Q17,Q34_First Click,Q34_Last Click,Q34_Page Submit,Q34_Click Count,Q36,Q16_1,Q43_1,Q42_1,Q41_1,Q17_1,Q18_1,Q19_1,Q20_1,Q26_1,Q27_1,Q28_1,Q29_1,Q30_1,Q31_1,Q32_1,Q33_1,Q22_1,Q23_1,Q24_1,Q25_1,Q19_1,Q20,Q_DataPolicyViolations
Start Date,End Date,Response Type,IP Address,Progress,Duration (in seconds),Finished,Recorded Date,Response ID,Recipient Last Name,Recipient First Name,Recipient Email,External Data Reference,Location Latitude,Location Longitude,Distribution Channel,User Language,What is your gender identity?,Please select your age group.,Which of the following best describes your current occupation status? - Selected Choice,Which of the following best describes your current occupation status? - Others (please specify below): _________ - Text,What is the highest level of education you have completed?,"How frequently do you use social media platforms such as Twitter, Instagram, TikTok, Facebook, etc.?",Timing - First Click,Timing - Last Click,Timing - Page Submit,Timing - Click Count,"Keep in mind that this is a virtual influencer while answering the following questions. 
Please confirm that you understand.",Timing - First Click,Timing - Last Click,Timing - Page Submit,Timing - Click Count,What was the product featured in the advertising you just saw?,"Please rate your overall agreement towards the following statement: 

I would not hesitate to take into account the product suggestions by the influencer. - 1","Please rate your overall agreement towards the following statement: 

I would feel secure in following the suggestions about the product shown in this Instagram post. - 1","Please rate your overall agreement towards the following statement: 

I would rely on the product recommendations made by this influencer. - 1","Please rate your overall agreement towards the following statement: 

I intend to buy the advertised product. - 1",Click to write the question text,"Please rate your overall agreement towards the following statement: 

I am likely to purchase the advertised product.","Please rate your overall agreement towards the following statement: 

I have high purchase interest in the advertised product.","Please rate your overall agreement towards the following statement: 

I will probably buy the advertised product.","Please rate your overall agreement towards the following statement: 

This influencer is genuine.","Please rate your overall agreement towards the following statement: 

This influencer seems real to me.","Please rate your overall agreement towards the following statement: 

This influencer is authentic. - 1","Please rate your overall agreement towards the following statement: 

I am confident in this influencer. - 1","Please rate your overall agreement towards the following statement: 

This influencer provides security. - 1","Please rate your overall agreement towards the following statement: 

This influencer has integrity. - 1","Please rate your overall agreement towards the following statement: 

This influencer is reliable.","Please rate your overall agreement towards the following statement: 

I can trust this influencer.",Please rate your overall attitude toward this influencer on the following scales: - 1,Please rate your overall attitude toward this influencer on the following scales: - 1,Please rate your overall attitude toward this influencer on the following scales: - 1,Please rate your overall attitude toward this influencer on the following scales: - 1,How familiar are you with virtual influencers? - 1,Have you ever followed at least one virtual influencer on social media?,Q_DataPolicyViolations
"{""ImportId"":""startDate"",""timeZone"":""America/Denver""}","{""ImportId"":""endDate"",""timeZone"":""America/Denver""}","{""ImportId"":""status""}","{""ImportId"":""ipAddress""}","{""ImportId"":""progress""}","{""ImportId"":""duration""}","{""ImportId"":""finished""}","{""ImportId"":""recordedDate"",""timeZone"":""America/Denver""}","{""ImportId"":""_recordId""}","{""ImportId"":""recipientLastName""}","{""ImportId"":""recipientFirstName""}","{""ImportId"":""recipientEmail""}","{""ImportId"":""externalDataReference""}","{""ImportId"":""locationLatitude""}","{""ImportId"":""locationLongitude""}","{""ImportId"":""distributionChannel""}","{""ImportId"":""userLanguage""}","{""ImportId"":""QID3""}","{""ImportId"":""QID4""}","{""ImportId"":""QID62""}","{""ImportId"":""QID62_11_TEXT""}","{""ImportId"":""QID65""}","{""ImportId"":""QID63""}","{""ImportId"":""QID59_FIRST_CLICK""}","{""ImportId"":""QID59_LAST_CLICK""}","{""ImportId"":""QID59_PAGE_SUBMIT""}","{""ImportId"":""QID59_CLICK_COUNT""}","{""ImportId"":""QID32""}","{""ImportId"":""QID58_FIRST_CLICK""}","{""ImportId"":""QID58_LAST_CLICK""}","{""ImportId"":""QID58_PAGE_SUBMIT""}","{""ImportId"":""QID58_CLICK_COUNT""}","{""ImportId"":""QID60""}","{""ImportId"":""QID40_1""}","{""ImportId"":""QID68_1""}","{""ImportId"":""QID67_1""}","{""ImportId"":""QID66_1""}","{""ImportId"":""QID41_1""}","{""ImportId"":""QID42_1""}","{""ImportId"":""QID43_1""}","{""ImportId"":""QID44_1""}","{""ImportId"":""QID50_1""}","{""ImportId"":""QID51_1""}","{""ImportId"":""QID52_1""}","{""ImportId"":""QID53_1""}","{""ImportId"":""QID54_1""}","{""ImportId"":""QID55_1""}","{""ImportId"":""QID56_1""}","{""ImportId"":""QID57_1""}","{""ImportId"":""QID46_1""}","{""ImportId"":""QID47_1""}","{""ImportId"":""QID48_1""}","{""ImportId"":""QID49_1""}","{""ImportId"":""QID25_1""}","{""ImportId"":""QID26""}","{""ImportId"":""Q_DataPolicyViolations""}"
2025-10-28 18:19:17,2025-10-28 18:23:10,IP Address,172.103.87.33,100,232,True,2025-10-28 18:23:11,R_1aPaRABL8Hfa2fD,,,,,30.2095,-97.7972,anonymous,EN,Female,18-28,"Technology (e.g., software developer, IT support)",,Master’s degree,Every day,,,,,,0,0,32.681,0,Skin Care,Strongly disagree,Strongly disagree,Strongly disagree,Strongly disagree,Neither agree nor disagree,Somewhat disagree,Somewhat disagree,Strongly disagree,Neither agree nor disagree,Strongly agree,Neither agree nor disagree,Strongly disagree,Strongly disagree,Neither agree nor disagree,Neither agree nor disagree,Neither agree nor disagree,Neutral,Neutral,Neutral,Neutral,Not familiar at all,No,
2025-10-29 13:54:27,2025-10-29 13:55:10,IP Address,64.39.194.33,100,42,True,2025-10-29 13:55:10,R_5mTrdekaR8YLLX3,,,,,37.5175,-96.9977,anonymous,EN,Male,Over 44,,,,,,,,,,,,,,,,,,,,,,,,,,,,,,,,,,,,,
2025-10-29 13:55:59,2025-10-29 13:56:18,IP Address,64.39.194.33,100,18,True,2025-10-29 13:56:18,R_3pDSgwfecKAnwsQ,,,,,37.5175,-96.9977,anonymous,EN,Male,Over 44,,,,,,,,,,,,,,,,,,,,,,,,,,,,,,,,,,,,,
2025-10-29 13:54:38,2025-10-29 13:58:39,IP Address,99.58.60.105,100,240,True,2025-10-29 13:58:39,R_5V0pn0yWOpUOWm5,,,,,30.1826,-97.7394,anonymous,EN,Female,29-44,"Business (e.g., marketing, finance, management)",,Bachelor’s degree,Every day,,,,,,27.281,27.281,28.716,1,Skin Care,Neither agree nor disagree,Somewhat disagree,Somewhat agree,Somewhat disagree,Neither agree nor disagree,Somewhat disagree,Neither agree nor disagree,Somewhat disagree,Somewhat disagree,Somewhat disagree,Somewhat disagree,Somewhat disagree,Somewhat disagree,Neither agree nor disagree,Somewhat disagree,Somewhat disagree,Neutral,Neutral,Neutral,Neutral,Not familiar at all,No,
2025-10-29 13:58:16,2025-10-29 13:58:49,IP Address,64.39.194.33,100,33,True,2025-10-29 13:58:49,R_6eqKANnwr8IoysI,,,,,37.5175,-96.9977,anonymous,EN,Male,Over 44,,,,,,,,,,,,,,,,,,,,,,,,,,,,,,,,,,,,,
2025-10-29 13:55:02,2025-10-29 14:00:39,IP Address,107.127.0.136,100,336,True,2025-10-29 14:00:39,R_6JOZWY4rcxsrANi,,,,,32.7797,-96.8022,anonymous,EN,Female,29-44,Others (please specify below): _________,I work in an educational nonprofit at the Boys and Girls Club,Bachelor’s degree,Every day,29.494,29.92,30.636,2,Yes,,,,,Skin Care,Strongly disagree,Strongly disagree,Strongly disagree,Strongly disagree,Neither agree nor disagree,Strongly disagree,Strongly disagree,Strongly disagree,Strongly disagree,Somewhat disagree,Strongly disagree,Strongly disagree,Strongly disagree,Neither agree nor disagree,Strongly disagree,Strongly disagree,Bad,Unfavourable,Dislike,Negative,Not familiar at all,No,
2025-10-29 14:00:37,2025-10-29 14:01:15,IP Address,104.59.204.44,100,37,True,2025-10-29 14:01:15,R_6ZXSpBJUarvvsFr,,,,,30.2881,-97.764,anonymous,EN,Female,Over 44,,,,,,,,,,,,,,,,,,,,,,,,,,,,,,,,,,,,,
2025-10-29 13:58:22,2025-10-29 14:04:30,IP Address,70.168.118.105,100,368,True,2025-10-29 14:04:31,R_70OAUBUZ29RFNVs,,,,,37.6678,-97.36,anonymous,EN,Female,18-28,"Business (e.g., marketing, finance, management)",,Associate’s degree or technical diploma,Every day,,,,,,66.435,67.89,69.196,4,Skin Care,Strongly disagree,Somewhat agree,Strongly disagree,Strongly disagree,Somewhat agree,Strongly disagree,Strongly disagree,Strongly disagree,Somewhat agree,Strongly agree,Strongly agree,Strongly disagree,Strongly disagree,Neither agree nor disagree,Neither agree nor disagree,Somewhat disagree,Neutral,Neutral,Neutral,Neutral,Not familiar at all,No,
2025-10-29 14:12:36,2025-10-29 14:17:13,IP Address,172.56.25.212,100,276,True,2025-10-29 14:17:13,R_3Blf7YHHxuCknav,,,,,29.7805,-95.5129,anonymous,EN,Female,29-44,"Healthcare (e.g., nurse, doctor, medical assistant)O",,Master’s degree,Every day,7.093,26.666,44.465,5,Yes,,,,,Skin Care,Somewhat disagree,Somewhat disagree,Somewhat disagree,Strongly disagree,Strongly agree,Strongly disagree,Strongly disagree,Strongly disagree,Neither agree nor disagree,Somewhat agree,Neither agree nor disagree,Somewhat disagree,Somewhat disagree,Neither agree nor disagree,Somewhat disagree,Somewhat disagree,Neutral,Neutral,Neutral,Neutral,Very familiar,Yes,
2025-10-29 14:32:05,2025-10-29 14:37:43,IP Address,108.194.48.115,100,337,True,2025-10-29 14:37:44,R_58XjyCGjb40OErT,,,,,30.2732,-97.7419,anonymous,EN,Female,18-28,Unemployed (currently not working),,Some college,Every day,,,,,,2.483,21.026,32.393,5,Skin Care,Somewhat agree,Neither agree nor disagree,Neither agree nor disagree,Somewhat disagree,Strongly disagree,Somewhat agree,Somewhat disagree,Somewhat agree,Strongly disagree,Somewhat disagree,Neither agree nor disagree,Neither agree nor disagree,Strongly disagree,Strongly agree,Neither agree nor disagree,Somewhat disagree,Neutral,Neutral,Neutral,Neutral,Slightly familar,No,
2025-10-29 18:32:21,2025-10-29 18:39:05,IP Address,72.182.41.226,100,403,True,2025-10-29 18:39:05,R_3r0XCIkCgXDzjCp,,,,,30.3471,-97.7649,anonymous,EN,Female,18-28,"Student (e.g., college or graduate student)",,High school diploma or GED,Every day,1.426,24.215,24.976,4,Yes,,,,,Skin Care,Somewhat agree,Somewhat agree,Neither agree nor disagree,Somewhat agree,Somewhat disagree,Neither agree nor disagree,Neither agree nor disagree,Neither agree nor disagree,Somewhat agree,Somewhat agree,Somewhat agree,Neither agree nor disagree,Neither agree nor disagree,Neither agree nor disagree,Somewhat disagree,Somewhat disagree,Neutral,Neutral,Neutral,Neutral,Moderately familiar,Yes,
2025-10-29 18:37:19,2025-10-29 18:42:00,IP Address,72.128.130.131,100,280,True,2025-10-29 18:42:00,R_1hyIzztSHE5qbox,,,,,30.3075,-97.7271,anonymous,EN,Female,18-28,"Student (e.g., college or graduate student)",,Bachelor’s degree,Every day,,,,,,30.526,30.526,39.655,1,Skin Care,Somewhat agree,Strongly disagree,Strongly disagree,Strongly disagree,Neither agree nor disagree,Neither agree nor disagree,Neither agree nor disagree,Neither agree nor disagree,Somewhat disagree,Somewhat disagree,Strongly disagree,Strongly disagree,Strongly disagree,Neither agree nor disagree,Strongly disagree,Neither agree nor disagree,Neutral,Neutral,Neutral,Neutral,Moderately familiar,No,
2025-10-29 18:38:53,2025-10-29 18:43:55,IP Address,76.204.181.147,100,301,True,2025-10-29 18:43:55,R_6FSdRX5wCZfdpX5,,,,,32.7173,-117.157,anonymous,EN,Female,18-28,Others (please specify below): _________,NPO services,Master’s degree,Every day,5.92,20.433,22.154,3,Yes,,,,,Skin Care,Somewhat disagree,Somewhat disagree,Somewhat disagree,Strongly disagree,Somewhat agree,Somewhat agree,Somewhat disagree,Strongly disagree,Neither agree nor disagree,Neither agree nor disagree,Somewhat disagree,Somewhat disagree,Strongly disagree,Neither agree nor disagree,Somewhat disagree,Somewhat disagree,Somewhat Bad,Somewhat Unfavorable,Somewhat Dislike,Somewhat Negative,Moderately familiar,Yes,
2025-10-29 18:58:16,2025-10-29 19:02:47,IP Address,35.146.19.124,100,270,True,2025-10-29 19:02:47,R_6Q0mj9PPagWy8V0,,,,,30.2887,-97.7398,anonymous,EN,Female,18-28,"Student (e.g., college or graduate student)",,Bachelor’s degree,Every day,,,,,,0,0,29.937,0,Skin Care,Somewhat agree,Somewhat agree,Neither agree nor disagree,Neither agree nor disagree,Somewhat disagree,Neither agree nor disagree,Neither agree nor disagree,Somewhat agree,Neither agree nor disagree,Somewhat agree,Somewhat agree,Neither agree nor disagree,Neither agree nor disagree,Neither agree nor disagree,Neither agree nor disagree,Neither agree nor disagree,Somewhat Good,Neutral,Somewhat Like,Somewhat Positive,Very familiar,No,
2025-10-29 19:03:41,2025-10-29 19:06:57,IP Address,35.146.20.15,100,196,True,2025-10-29 19:06:57,R_5hFu1K2QwlKsPRW,,,,,30.2881,-97.764,anonymous,EN,Male,18-28,Others (please specify below): _________,Research,"Doctoral or professional degree (Ph.D., M.D., J.D., etc.)",Every day,7.026,27.49,28.109,5,Yes,,,,,Skin Care,Strongly disagree,Strongly disagree,Strongly disagree,Strongly disagree,Somewhat agree,Strongly disagree,Strongly disagree,Strongly disagree,Somewhat disagree,Somewhat disagree,Somewhat agree,Strongly disagree,Strongly disagree,Strongly disagree,Strongly disagree,Strongly disagree,Bad,Unfavourable,Neutral,Negative,Not familiar at all,No,
2025-10-29 19:30:32,2025-10-29 19:32:39,Survey Preview,,100,127,True,2025-10-29 19:32:40,R_310wtcHoUkj4pCA,,,,,30.2625,-97.7463,preview,EN,Female,18-28,"Student (e.g., college or graduate student)",,Bachelor’s degree,Every day,19.433,19.433,21.101,1,Yes,,,,,Skin Care,Strongly disagree,Neither agree nor disagree,Somewhat agree,Somewhat agree,Somewhat agree,Somewhat agree,Somewhat agree,Somewhat agree,Somewhat agree,Somewhat agree,Somewhat agree,Somewhat agree,Somewhat agree,Strongly agree,Somewhat agree,Somewhat agree,Good,Favourable,Like,Positive,Very familiar,Yes,
2025-10-29 19:50:42,2025-10-29 19:54:16,IP Address,172.59.122.151,100,213,True,2025-10-29 19:54:16,R_5PNzdmaWZiS1zjj,,,,,35.4312,-97.4934,anonymous,EN,Female,29-44,Others (please specify below): _________,"Principal ",Master’s degree,Every day,,,,,,0,0,32.781,0,Skin Care,Strongly disagree,Somewhat disagree,Strongly disagree,Strongly disagree,Strongly agree,Strongly disagree,Strongly disagree,Strongly disagree,Neither agree nor disagree,Neither agree nor disagree,Somewhat disagree,Strongly disagree,Somewhat disagree,Somewhat disagree,Somewhat disagree,Neither agree nor disagree,Neutral,Neutral,Neutral,Neutral,Very familiar,Yes,
2025-10-29 20:10:24,2025-10-29 20:13:27,IP Address,172.103.81.1,100,182,True,2025-10-29 20:13:27,R_6dSVUurGa1O1NOV,,,,,30.2625,-97.7463,anonymous,EN,Male,18-28,"Student (e.g., college or graduate student)",,Some college,Several times a week,,,,,,24.81,24.81,26.53,1,Skin Care,Strongly disagree,Somewhat agree,Somewhat disagree,Neither agree nor disagree,Somewhat disagree,Neither agree nor disagree,Neither agree nor disagree,Somewhat disagree,Somewhat disagree,Somewhat agree,Somewhat disagree,Somewhat disagree,Somewhat disagree,Somewhat disagree,Somewhat disagree,Somewhat disagree,Somewhat Bad,Somewhat Unfavorable,Neutral,Neutral,Slightly familar,No,
2025-10-29 20:22:02,2025-10-29 20:25:46,IP Address,106.51.201.10,100,223,True,2025-10-29 20:25:46,R_90q7BoY831aEyoS,,,,,12.9753,77.591,anonymous,EN,Female,29-44,"Business (e.g., marketing, finance, management)",,Master’s degree,Every day,6.291,23.54,24.031,4,Yes,,,,,Skin Care,Strongly disagree,Somewhat disagree,Somewhat disagree,Strongly disagree,Somewhat agree,Strongly disagree,Strongly disagree,Strongly disagree,Strongly disagree,Somewhat agree,Strongly disagree,Strongly disagree,Strongly disagree,Strongly disagree,Strongly disagree,Strongly disagree,Bad,Unfavourable,Dislike,Negative,Very familiar,Yes,
2025-10-29 20:31:12,2025-10-29 20:34:37,IP Address,72.182.36.171,100,204,True,2025-10-29 20:34:37,R_1uW02nWrxD26glK,,,,,30.3471,-97.7649,anonymous,EN,Male,18-28,"Student (e.g., college or graduate student)",,Bachelor’s degree,Every day,0,0,21.294,0,Yes,,,,,Skin Care,Neither agree nor disagree,Neither agree nor disagree,Neither agree nor disagree,Neither agree nor disagree,Neither agree nor disagree,Neither agree nor disagree,Neither agree nor disagree,Neither agree nor disagree,Somewhat disagree,Strongly disagree,Strongly disagree,Somewhat disagree,Somewhat disagree,Somewhat disagree,Somewhat disagree,Somewhat disagree,Somewhat Bad,Somewhat Unfavorable,Somewhat Dislike,Somewhat Negative,Very familiar,No,
2025-10-29 20:39:52,2025-10-29 20:44:07,IP Address,99.106.114.90,100,254,True,2025-10-29 20:44:08,R_1FxKW6XfKrFFGNz,,,,,29.7438,-95.4422,anonymous,EN,Female,18-28,Others (please specify below): _________,"Engineering ",Bachelor’s degree,Every day,,,,,,20.394,20.394,22.629,1,Skin Care,Neither agree nor disagree,Neither agree nor disagree,Somewhat agree,Somewhat disagree,Neither agree nor disagree,Neither agree nor disagree,Neither agree nor disagree,Neither agree nor disagree,Somewhat agree,Strongly agree,Somewhat agree,Neither agree nor disagree,Neither agree nor disagree,Somewhat agree,Somewhat agree,Neither agree nor disagree,Good,Favourable,Like,Neutral,Slightly familar,No,
2025-10-29 20:41:34,2025-10-29 20:44:17,IP Address,108.94.39.195,100,162,True,2025-10-29 20:44:17,R_1Lta96RxFLkhS3y,,,,,30.3773,-97.71,anonymous,EN,Female,18-28,"Technology (e.g., software developer, IT support)",,Bachelor’s degree,Every day,10.656,19.438,26.737,4,Yes,,,,,Skin Care,Somewhat disagree,Somewhat disagree,Strongly disagree,Neither agree nor disagree,Neither agree nor disagree,Somewhat disagree,Somewhat disagree,Somewhat disagree,Strongly disagree,Strongly disagree,Strongly disagree,Strongly disagree,Strongly disagree,Strongly disagree,Strongly disagree,Strongly disagree,Bad,Somewhat Unfavorable,Somewhat Dislike,Negative,Slightly familar,No,
2025-10-30 09:22:33,2025-10-30 09:28:32,IP Address,128.62.79.137,100,359,True,2025-10-30 09:28:33,R_5p86807tN1wKH73,,,,,30.2887,-97.7398,anonymous,EN,Female,18-28,"Student (e.g., college or graduate student)",,Bachelor’s degree,Every day,,,,,,0,0,37.679,0,Skin Care,Somewhat disagree,Somewhat disagree,Somewhat disagree,Neither agree nor disagree,Somewhat disagree,Somewhat disagree,Somewhat disagree,Somewhat disagree,Somewhat agree,Somewhat agree,Neither agree nor disagree,Somewhat disagree,Neither agree nor disagree,Neither agree nor disagree,Neither agree nor disagree,Neither agree nor disagree,Neutral,Neutral,Neutral,Neutral,Slightly familar,No,
2025-10-30 09:32:35,2025-10-30 09:39:00,IP Address,35.146.19.69,100,385,True,2025-10-30 09:39:01,R_1PuBvLfcU1sGMDS,,,,,30.2887,-97.7398,anonymous,EN,Male,18-28,"Student (e.g., college or graduate student)",,Master’s degree,Every day,,,,,,9.157,29.183,29.626,10,Skin Care,Neither agree nor disagree,Somewhat disagree,Strongly disagree,Somewhat disagree,Somewhat disagree,Neither agree nor disagree,Somewhat disagree,Somewhat disagree,Neither agree nor disagree,Somewhat agree,Neither agree nor disagree,Somewhat disagree,Neither agree nor disagree,Neither agree nor disagree,Neither agree nor disagree,Somewhat disagree,Neutral,Neutral,Neutral,Neutral,Not familiar at all,No,
2025-10-30 09:36:08,2025-10-30 09:44:29,IP Address,174.226.175.77,100,501,True,2025-10-30 09:44:29,R_3PpUhIjQaa963T4,,,,,30.2424,-97.767,anonymous,EN,Female,18-28,"Business (e.g., marketing, finance, management)",,Bachelor’s degree,Every day,2.419,48.216,62.406,4,Yes,,,,,Skin Care,Strongly agree,Strongly disagree,Somewhat disagree,Strongly disagree,Somewhat agree,Strongly disagree,Strongly disagree,Strongly disagree,Strongly disagree,Somewhat agree,Strongly disagree,Strongly disagree,Somewhat disagree,Somewhat disagree,Strongly disagree,Strongly disagree,Neutral,Neutral,Neutral,Neutral,Moderately familiar,Yes,
2025-10-30 11:18:00,2025-10-30 11:20:44,IP Address,63.214.5.91,100,164,True,2025-10-30 11:20:45,R_1CVF5LCbu8Euzx1,,,,,47.6176,-122.1424,anonymous,EN,Female,18-28,"Student (e.g., college or graduate student)",,Bachelor’s degree,Every day,1.7,1.7,20.969,1,Yes,,,,,Skin Care,Somewhat disagree,Neither agree nor disagree,Somewhat disagree,Neither agree nor disagree,Somewhat disagree,Neither agree nor disagree,Neither agree nor disagree,Neither agree nor disagree,Neither agree nor disagree,Somewhat disagree,Somewhat disagree,Somewhat disagree,Somewhat disagree,Somewhat disagree,Somewhat disagree,Somewhat disagree,Neutral,Neutral,Neutral,Neutral,Slightly familar,No,
2025-10-30 11:22:25,2025-10-30 11:24:46,IP Address,66.68.44.215,100,140,True,2025-10-30 11:24:47,R_40OBAb2E2uXnhXU,,,,,30.3773,-97.71,anonymous,EN,Male,18-28,"Student (e.g., college or graduate student)",,Master’s degree,Every day,,,,,,0,0,26.852,0,Skin Care,Neither agree nor disagree,Somewhat agree,Somewhat disagree,Somewhat disagree,Neither agree nor disagree,Neither agree nor disagree,Somewhat disagree,Neither agree nor disagree,Strongly disagree,Somewhat disagree,Somewhat disagree,Somewhat disagree,Neither agree nor disagree,Neither agree nor disagree,Neither agree nor disagree,Neither agree nor disagree,Neutral,Neutral,Neutral,Neutral,Slightly familar,No,
2025-10-30 11:20:42,2025-10-30 11:28:26,IP Address,89.117.42.36,100,464,True,2025-10-30 11:28:27,R_9QFxjqnQtjuyQKI,,,,,24,121,anonymous,EN,Female,18-28,"Business (e.g., marketing, finance, management)",,Master’s degree,Every day,4.258,28.52,29.351,5,Yes,,,,,Skin Care,Somewhat agree,Somewhat disagree,Somewhat disagree,Strongly disagree,Somewhat agree,Somewhat disagree,Somewhat disagree,Somewhat disagree,Somewhat disagree,Somewhat disagree,Somewhat disagree,Somewhat disagree,Somewhat disagree,Somewhat disagree,Somewhat disagree,Somewhat disagree,Neutral,Somewhat Unfavorable,Somewhat Dislike,Somewhat Negative,Not familiar at all,No,
2025-10-30 11:26:33,2025-10-30 11:29:46,IP Address,68.252.236.223,100,192,True,2025-10-30 11:29:46,R_7d4gXOIpaSpW4Dt,,,,,30.3471,-97.7649,anonymous,EN,Male,18-28,"Student (e.g., college or graduate student)",,Master’s degree,Every day,,,,,,0,0,22.049,0,Skin Care,Somewhat disagree,Somewhat disagree,Somewhat agree,Somewhat disagree,Somewhat disagree,Somewhat disagree,Somewhat agree,Somewhat agree,Strongly disagree,Somewhat disagree,Somewhat agree,Somewhat disagree,Somewhat disagree,Somewhat disagree,Somewhat disagree,Somewhat disagree,Neutral,Neutral,Neutral,Neutral,Slightly familar,No,
2025-10-30 11:36:03,2025-10-30 11:39:25,IP Address,72.182.34.55,100,201,True,2025-10-30 11:39:25,R_3g1a9o5qv9siWFX,,,,,30.3471,-97.7649,anonymous,EN,Female,18-28,"Student (e.g., college or graduate student)",,Master’s degree,Every day,0,0,22.668,0,Yes,,,,,Skin Care,Somewhat disagree,Somewhat disagree,Somewhat disagree,Somewhat agree,Somewhat disagree,Somewhat agree,Strongly disagree,Neither agree nor disagree,Strongly disagree,Somewhat disagree,Somewhat disagree,Somewhat disagree,Somewhat disagree,Somewhat disagree,Somewhat disagree,Somewhat disagree,Good,Neutral,Neutral,Neutral,Extremely familiar,Yes,
2025-10-30 11:58:35,2025-10-30 12:03:02,IP Address,128.62.52.124,100,266,True,2025-10-30 12:03:02,R_6GDoY46TCCkihG5,,,,,30.2887,-97.7398,anonymous,EN,Female,18-28,"Student (e.g., college or graduate student)",,Bachelor’s degree,Every day,,,,,,10.127,10.127,24.796,1,Skin Care,Strongly disagree,Strongly disagree,Somewhat disagree,Strongly disagree,Somewhat disagree,Somewhat disagree,Somewhat disagree,Somewhat disagree,Somewhat disagree,Somewhat agree,Somewhat disagree,Somewhat disagree,Strongly disagree,Strongly disagree,Strongly disagree,Strongly disagree,Neutral,Unfavourable,Somewhat Dislike,Neutral,Slightly familar,Yes,
2025-10-30 12:21:43,2025-10-30 12:25:57,IP Address,128.62.72.192,100,254,True,2025-10-30 12:25:58,R_7wfnm5DX8VLqHXr,,,,,30.2887,-97.7398,anonymous,EN,Female,29-44,"Student (e.g., college or graduate student)",,Master’s degree,Every day,0,0,24.101,0,Yes,,,,,Skin Care,Somewhat disagree,Somewhat disagree,Somewhat disagree,Somewhat disagree,Neither agree nor disagree,Somewhat disagree,Strongly disagree,Somewhat disagree,Neither agree nor disagree,Somewhat agree,Somewhat agree,Neither agree nor disagree,Somewhat disagree,Neither agree nor disagree,Somewhat disagree,Somewhat disagree,Somewhat Bad,Somewhat Unfavorable,Somewhat Dislike,Somewhat Negative,Moderately familiar,No,
2025-10-30 12:50:45,2025-10-30 12:54:49,IP Address,65.56.108.146,100,244,True,2025-10-30 12:54:50,R_324lrzTlttBu8Q4,,,,,30.5034,-97.7494,anonymous,EN,Male,18-28,"Technology (e.g., software developer, IT support)",,Master’s degree,Every day,,,,,,5.574,17.639,25.8,3,Skin Care,Strongly disagree,Somewhat disagree,Neither agree nor disagree,Somewhat disagree,Somewhat disagree,Somewhat disagree,Somewhat disagree,Somewhat disagree,Somewhat agree,Somewhat agree,Somewhat agree,Somewhat disagree,Somewhat disagree,Neither agree nor disagree,Neither agree nor disagree,Neither agree nor disagree,Neutral,Neutral,Neutral,Neutral,Not familiar at all,No,
2025-10-30 13:34:50,2025-10-30 13:40:23,IP Address,66.112.231.140,100,332,True,2025-10-30 13:40:23,R_69QKDJs3pXbns7n,,,,,30.2887,-97.7398,anonymous,EN,Female,18-28,"Student (e.g., college or graduate student)",,Bachelor’s degree,Every day,1.911,13.35,61.236,3,Yes,,,,,Skin Care,Somewhat disagree,Somewhat disagree,Somewhat agree,Somewhat disagree,Somewhat disagree,Somewhat agree,Neither agree nor disagree,Somewhat agree,Neither agree nor disagree,Somewhat disagree,Somewhat disagree,Strongly disagree,Strongly disagree,Neither agree nor disagree,Strongly disagree,Strongly disagree,Somewhat Bad,Neutral,Neutral,Neutral,Slightly familar,Yes,
2025-10-30 13:52:34,2025-10-30 13:57:57,IP Address,136.60.91.131,100,323,True,2025-10-30 13:57:58,R_37gXk5OqzNdJf5n,,,,,30.3023,-97.6914,anonymous,EN,Female,18-28,"Student (e.g., college or graduate student)",,Master’s degree,Every day,,,,,,25.97,36.277,36.759,3,Skin Care,Neither agree nor disagree,Somewhat agree,Neither agree nor disagree,Somewhat agree,Somewhat disagree,Somewhat agree,Neither agree nor disagree,Somewhat agree,Somewhat agree,Somewhat agree,Neither agree nor disagree,Neither agree nor disagree,Neither agree nor disagree,Somewhat disagree,Somewhat agree,Neither agree nor disagree,Neutral,Neutral,Like,Positive,Slightly familar,No,
2025-10-30 13:43:00,2025-10-30 14:30:21,IP Address,70.125.236.3,100,2840,True,2025-10-30 14:30:21,R_5CWkcLZMIWCE0Va,,,,,30.2887,-97.7398,anonymous,EN,Female,29-44,"Student (e.g., college or graduate student)",,Master’s degree,Every day,11.039,27.88,28.588,2,Yes,,,,,Skin Care,Strongly disagree,Somewhat disagree,Strongly disagree,Somewhat agree,Strongly disagree,Somewhat agree,Neither agree nor disagree,Somewhat agree,Somewhat disagree,Somewhat disagree,Somewhat disagree,Strongly disagree,Somewhat disagree,Neither agree nor disagree,Neither agree nor disagree,Somewhat disagree,Neutral,Somewhat Unfavorable,Somewhat Dislike,Somewhat Negative,Moderately familiar,No,
2025-10-30 14:44:26,2025-10-30 14:50:56,IP Address,128.62.174.84,100,390,True,2025-10-30 14:50:57,R_6hGe8fBgGpyJAqu,,,,,30.2887,-97.7398,anonymous,EN,Female,18-28,"Student (e.g., college or graduate student)",,Bachelor’s degree,Every day,0,0,25.627,0,Yes,,,,,Skin Care,Somewhat disagree,Somewhat disagree,Somewhat disagree,Somewhat disagree,Somewhat disagree,Somewhat agree,Somewhat disagree,Somewhat disagree,Strongly agree,Strongly agree,Somewhat agree,Somewhat disagree,Strongly disagree,Somewhat disagree,Somewhat disagree,Somewhat disagree,Somewhat Bad,Somewhat Unfavorable,Somewhat Dislike,Somewhat Negative,Moderately familiar,No,
2025-10-30 16:38:15,2025-10-30 16:42:48,IP Address,174.138.66.1,100,273,True,2025-10-30 16:42:49,R_7zYmN9tFRNEjq55,,,,,40.8364,-74.1403,anonymous,EN,Female,18-28,"Student (e.g., college or graduate student)",,Some high school,Every day,,,,,,9.299,22.513,22.927,3,Skin Care,Somewhat disagree,Somewhat disagree,Somewhat agree,Strongly disagree,Neither agree nor disagree,Neither agree nor disagree,Somewhat agree,Neither agree nor disagree,Somewhat agree,Somewhat agree,Neither agree nor disagree,Neither agree nor disagree,Neither agree nor disagree,Somewhat agree,Somewhat agree,Neither agree nor disagree,Somewhat Good,Somewhat favorable,Somewhat Like,Somewhat Positive,Not familiar at all,No,
2025-10-30 17:54:46,2025-10-30 17:58:53,IP Address,223.140.217.105,100,246,True,2025-10-30 17:58:53,R_4g6dsKKEXsIRjsG,,,,,25.053,121.5259,anonymous,EN,Male,29-44,"Business (e.g., marketing, finance, management)",,Master’s degree,Every day,,,,,,14.645,25.42,26.002,3,Skin Care,Somewhat disagree,Somewhat disagree,Somewhat agree,Somewhat disagree,Somewhat disagree,Strongly disagree,Strongly disagree,Strongly disagree,Neither agree nor disagree,Somewhat agree,Somewhat agree,Neither agree nor disagree,Neither agree nor disagree,Somewhat agree,Somewhat agree,Somewhat agree,Somewhat Good,Somewhat favorable,Neutral,Neutral,Moderately familiar,No,
2025-10-30 18:28:51,2025-10-30 18:37:53,IP Address,223.143.8.231,100,541,True,2025-10-30 18:37:53,R_4GvOLJ126NTairj,,,,,25.053,121.5259,anonymous,EN,Female,18-28,"Technology (e.g., software developer, IT support)",,Bachelor’s degree,Every day,49.033,49.892,51.488,2,Yes,,,,,Skin Care,Somewhat disagree,Somewhat disagree,Strongly disagree,Neither agree nor disagree,Strongly disagree,Neither agree nor disagree,Neither agree nor disagree,Neither agree nor disagree,Strongly disagree,Somewhat agree,Somewhat disagree,Neither agree nor disagree,Strongly disagree,Somewhat disagree,Somewhat disagree,Neither agree nor disagree,Neutral,Neutral,Neutral,Somewhat Positive,Slightly familar,No,
2025-10-30 14:52:18,2025-10-30 18:41:00,IP Address,104.185.181.16,100,13721,True,2025-10-30 18:41:00,R_3obTr6xIgT68D8t,,,,,30.2949,-97.7088,anonymous,EN,Female,29-44,"Student (e.g., college or graduate student)",,Bachelor’s degree,Every day,,,,,,0,0,46.379999999999995,0,Skin Care,Neither agree nor disagree,Neither agree nor disagree,Neither agree nor disagree,Somewhat agree,Strongly disagree,Somewhat agree,Somewhat agree,Somewhat agree,Strongly disagree,Neither agree nor disagree,Somewhat disagree,Neither agree nor disagree,Somewhat disagree,Neither agree nor disagree,Somewhat disagree,Neither agree nor disagree,Somewhat Bad,Somewhat Unfavorable,Somewhat Dislike,Neutral,Not familiar at all,No,
2025-10-30 18:38:38,2025-10-30 18:42:14,IP Address,111.253.129.49,100,216,True,2025-10-30 18:42:15,R_4uxX5tqLwj1zqW5,,,,,24.144,120.6844,anonymous,EN,Female,18-28,"Business (e.g., marketing, finance, management)",,Bachelor’s degree,Every day,,,,,,0,0,23.845,0,Skin Care,Somewhat disagree,Neither agree nor disagree,Somewhat disagree,Neither agree nor disagree,Somewhat disagree,Somewhat agree,Somewhat agree,Somewhat agree,Neither agree nor disagree,Neither agree nor disagree,Neither agree nor disagree,Somewhat disagree,Somewhat disagree,Somewhat disagree,Somewhat disagree,Somewhat disagree,Neutral,Neutral,Neutral,Neutral,Slightly familar,No,
2025-10-30 18:42:59,2025-10-30 18:47:39,IP Address,1.238.225.198,100,280,True,2025-10-30 18:47:40,R_9PuBgexiHcwFWXP,,,,,37.5247,126.9133,anonymous,EN,Female,18-28,"Business (e.g., marketing, finance, management)",,Master’s degree,Every day,7.583,7.583,34.838,1,Yes,,,,,Skin Care,Somewhat disagree,Somewhat disagree,Somewhat disagree,Somewhat disagree,Strongly disagree,Neither agree nor disagree,Neither agree nor disagree,Neither agree nor disagree,Somewhat agree,Somewhat agree,Somewhat disagree,Strongly disagree,Somewhat disagree,Neither agree nor disagree,Somewhat disagree,Somewhat disagree,Somewhat Bad,Somewhat Unfavorable,Neutral,Somewhat Negative,Slightly familar,No,
2025-10-30 20:59:48,2025-10-30 21:05:52,IP Address,70.125.236.3,100,363,True,2025-10-30 21:05:52,R_7EdebM23oKDBB4A,,,,,30.2887,-97.7398,anonymous,EN,Male,29-44,"Technology (e.g., software developer, IT support)",,Master’s degree,Every day,7.038,61.223,64.54,6,Yes,,,,,Skin Care,Strongly disagree,Somewhat disagree,Somewhat disagree,Somewhat agree,Strongly disagree,Somewhat agree,Somewhat disagree,Somewhat agree,Somewhat disagree,Somewhat disagree,Neither agree nor disagree,Somewhat disagree,Somewhat disagree,Neither agree nor disagree,Somewhat disagree,Somewhat disagree,Neutral,Somewhat Unfavorable,Somewhat Dislike,Somewhat Negative,Moderately familiar,No,
2025-10-30 17:49:54,2025-10-30 22:28:12,IP Address,72.182.37.230,100,16697,True,2025-10-30 22:28:12,R_3aLvWRMPmyiPZWB,,,,,30.3471,-97.7649,anonymous,EN,Female,18-28,"Student (e.g., college or graduate student)",,Bachelor’s degree,Every day,3.917,176.546,177.846,11,Yes,,,,,Skin Care,Somewhat disagree,Strongly disagree,Somewhat agree,Somewhat disagree,Somewhat disagree,Neither agree nor disagree,Neither agree nor disagree,Neither agree nor disagree,Somewhat disagree,Strongly agree,Neither agree nor disagree,Strongly disagree,Strongly disagree,Strongly disagree,Strongly disagree,Somewhat disagree,Somewhat Bad,Somewhat Unfavorable,Neutral,Somewhat Negative,Slightly familar,No,
2025-10-31 09:03:59,2025-10-31 09:09:39,IP Address,211.75.103.53,100,340,True,2025-10-31 09:09:39,R_4jqrpmurovINWIC,,,,,25.053,121.5259,anonymous,EN,Female,18-28,"Business (e.g., marketing, finance, management)",,Bachelor’s degree,Every day,,,,,,25.439,25.439,29.471,1,Skin Care,Somewhat disagree,Somewhat disagree,Somewhat disagree,Somewhat disagree,Somewhat disagree,Neither agree nor disagree,Neither agree nor disagree,Somewhat agree,Neither agree nor disagree,Somewhat agree,Somewhat agree,Somewhat disagree,Somewhat disagree,Somewhat disagree,Somewhat disagree,Somewhat disagree,Neutral,Neutral,Neutral,Neutral,Slightly familar,Yes,
2025-10-31 12:20:47,2025-10-31 12:24:55,IP Address,150.220.21.82,100,248,True,2025-10-31 12:24:56,R_8CKjvhvjoga5x5m,,,,,30.2971,-97.8181,anonymous,EN,Female,18-28,"Healthcare (e.g., nurse, doctor, medical assistant)O",,Master’s degree,Every day,3.942,31.854,32.609,8,Yes,,,,,Skin Care,Strongly disagree,Strongly disagree,Strongly disagree,Strongly disagree,Somewhat disagree,Strongly disagree,Strongly disagree,Strongly disagree,Somewhat agree,Somewhat agree,Somewhat disagree,Somewhat disagree,Somewhat disagree,Strongly disagree,Strongly disagree,Strongly disagree,Somewhat Bad,Somewhat Unfavorable,Somewhat Dislike,Somewhat Negative,Slightly familar,No,
2025-10-31 15:03:22,2025-10-31 15:06:13,IP Address,35.146.20.15,100,170,True,2025-10-31 15:06:13,R_31vWhJc1pPv0mna,,,,,30.2881,-97.764,anonymous,EN,Male,18-28,"Student (e.g., college or graduate student)",,Master’s degree,Several times a week,,,,,,5.735,10.702,22.357,2,Skin Care,Strongly disagree,Strongly disagree,Strongly disagree,Strongly disagree,Strongly agree,Strongly disagree,Strongly disagree,Strongly disagree,Strongly disagree,Neither agree nor disagree,Somewhat disagree,Strongly disagree,Strongly disagree,Somewhat disagree,Strongly disagree,Strongly disagree,Bad,Unfavourable,Dislike,Negative,Moderately familiar,No,
2025-11-01 14:33:36,2025-11-01 14:40:00,IP Address,172.56.88.116,100,384,True,2025-11-01 14:40:00,R_3jxCrFbNNeij6TV,,,,,29.4553,-98.5677,anonymous,EN,Male,18-28,"Student (e.g., college or graduate student)",,Bachelor’s degree,Every day,,,,,,7.383,7.383,32.675,1,Skin Care,Neither agree nor disagree,Neither agree nor disagree,Somewhat disagree,Neither agree nor disagree,Strongly disagree,Neither agree nor disagree,Neither agree nor disagree,Neither agree nor disagree,Neither agree nor disagree,Somewhat agree,Neither agree nor disagree,Neither agree nor disagree,Neither agree nor disagree,Neither agree nor disagree,Neither agree nor disagree,Neither agree nor disagree,Neutral,Somewhat favorable,Neutral,Neutral,Moderately familiar,No,
2025-11-01 18:29:57,2025-11-01 18:34:24,IP Address,172.56.24.232,100,266,True,2025-11-01 18:34:24,R_1LbYgKFWGtFXN69,,,,,29.8617,-95.3399,anonymous,EN,Female,18-28,"Technology (e.g., software developer, IT support)",,Master’s degree,Every day,14.264,30.49,31.116,3,Yes,,,,,Skin Care,Somewhat disagree,Somewhat disagree,Somewhat disagree,Somewhat disagree,Somewhat disagree,Neither agree nor disagree,Neither agree nor disagree,Somewhat disagree,Somewhat agree,Somewhat agree,Somewhat agree,Neither agree nor disagree,Somewhat agree,Somewhat agree,Somewhat agree,Neither agree nor disagree,Somewhat Good,Neutral,Neutral,Neutral,Not familiar at all,No,
2025-11-01 21:49:12,2025-11-01 22:18:23,IP Address,68.252.238.152,100,1751,True,2025-11-01 22:18:24,R_6LUw3Hdpcy93Vg2,,,,,30.3471,-97.7649,anonymous,EN,Female,29-44,"Business (e.g., marketing, finance, management)",,Bachelor’s degree,Every day,30.453,30.453,31.05,1,Yes,,,,,Skin Care,Somewhat disagree,Somewhat agree,Somewhat agree,Neither agree nor disagree,Strongly disagree,Strongly agree,Strongly agree,Strongly agree,Strongly agree,Somewhat agree,Somewhat agree,Somewhat agree,Strongly agree,Strongly agree,Strongly agree,Strongly agree,Somewhat Good,Somewhat favorable,Somewhat Like,Somewhat Positive,Extremely familiar,Yes,
2025-11-02 10:58:54,2025-11-02 11:05:15,IP Address,107.127.0.112,100,381,True,2025-11-02 11:05:15,R_5imWXkI4GviVik3,,,,,32.7797,-96.8022,anonymous,EN,Female,18-28,"Technology (e.g., software developer, IT support)",,Bachelor’s degree,Every day,,,,,,6.005,6.005,28.359,1,Skin Care,Neither agree nor disagree,Somewhat agree,Somewhat agree,Somewhat agree,Strongly disagree,Somewhat agree,Somewhat disagree,Somewhat disagree,Neither agree nor disagree,Neither agree nor disagree,Somewhat disagree,Somewhat disagree,Somewhat disagree,Neither agree nor disagree,Neither agree nor disagree,Somewhat disagree,Neutral,Neutral,Neutral,Neutral,Very familiar,Yes,
2025-11-02 11:06:42,2025-11-02 13:23:45,IP Address,67.48.63.211,100,8223,True,2025-11-02 13:23:46,R_3ueBYk71VUqbspb,,,,,32.7797,-96.8022,anonymous,EN,Female,18-28,"Technology (e.g., software developer, IT support)",,Master’s degree,Every day,,,,,,27.552,27.552,28.701,1,Skin Care,Neither agree nor disagree,Somewhat agree,Somewhat agree,Somewhat agree,Somewhat disagree,Somewhat agree,Somewhat agree,Somewhat agree,Somewhat disagree,Somewhat agree,Somewhat agree,Neither agree nor disagree,Neither agree nor disagree,Neither agree nor disagree,Neither agree nor disagree,Neither agree nor disagree,Neutral,Neutral,Neutral,Neutral,Not familiar at all,Yes,
2025-11-02 13:31:12,2025-11-02 13:34:22,IP Address,209.166.123.101,100,189,True,2025-11-02 13:34:22,R_3di5rfiCV44aIgR,,,,,30.2887,-97.7398,anonymous,EN,Female,18-28,"Student (e.g., college or graduate student)",,Master’s degree,Every day,0,0,27.507,0,Yes,,,,,Skin Care,Strongly disagree,Strongly disagree,Strongly disagree,Strongly disagree,Strongly agree,Strongly disagree,Strongly disagree,Somewhat disagree,Strongly disagree,Strongly disagree,Strongly disagree,Strongly disagree,Strongly disagree,Strongly disagree,Strongly disagree,Strongly disagree,Bad,Unfavourable,Dislike,Negative,Not familiar at all,No,
2025-11-02 18:27:27,2025-11-02 18:34:36,IP Address,101.10.77.86,100,429,True,2025-11-02 18:34:37,R_4p4iLvxXBfbQB9D,,,,,25.053,121.5259,anonymous,EN,Male,18-28,"Technology (e.g., software developer, IT support)",,Bachelor’s degree,About once a week,,,,,,35.761,35.761,36.424,1,Skin Care,Somewhat disagree,Somewhat agree,Neither agree nor disagree,Somewhat disagree,Somewhat disagree,Somewhat agree,Somewhat disagree,Somewhat agree,Neither agree nor disagree,Somewhat agree,Somewhat agree,Neither agree nor disagree,Neither agree nor disagree,Neither agree nor disagree,Neither agree nor disagree,Neither agree nor disagree,Neutral,Somewhat favorable,Somewhat Like,Neutral,Moderately familiar,No,
2025-11-02 19:47:38,2025-11-02 19:51:35,IP Address,107.141.29.19,100,237,True,2025-11-02 19:51:36,R_31MbX650bYXYtIw,,,,,32.926,-96.9666,anonymous,EN,Female,29-44,"Business (e.g., marketing, finance, management)",,Master’s degree,Every day,4.919,30.579,31.375,8,Yes,,,,,Skin Care,Strongly disagree,Strongly disagree,Strongly disagree,Strongly disagree,Strongly disagree,Neither agree nor disagree,Neither agree nor disagree,Neither agree nor disagree,Strongly disagree,Strongly disagree,Strongly disagree,Strongly disagree,Strongly disagree,Strongly disagree,Strongly disagree,Strongly disagree,Bad,Unfavourable,Somewhat Dislike,Neutral,Slightly familar,No,
2025-11-02 20:03:30,2025-11-02 20:12:24,IP Address,71.112.202.176,100,534,True,2025-11-02 20:12:25,R_1w8hoW0IyFeZP5T,,,,,40.473,-79.9537,anonymous,EN,Female,29-44,"Healthcare (e.g., nurse, doctor, medical assistant)O",,"Doctoral or professional degree (Ph.D., M.D., J.D., etc.)",Every day,,,,,,124.099,124.099,142.2,1,Skin Care,Neither agree nor disagree,Neither agree nor disagree,Somewhat disagree,Somewhat agree,Somewhat disagree,Somewhat agree,Somewhat agree,Somewhat agree,Neither agree nor disagree,Neither agree nor disagree,Somewhat agree,Neither agree nor disagree,Neither agree nor disagree,Neither agree nor disagree,Neither agree nor disagree,Neither agree nor disagree,Neutral,Neutral,Neutral,Neutral,Moderately familiar,Yes,
2025-11-02 19:17:24,2025-11-02 20:43:06,IP Address,101.12.214.223,100,5142,True,2025-11-02 20:43:07,R_9qb85Fppp5EYHxk,,,,,25.053,121.5259,anonymous,EN,Male,29-44,"Technology (e.g., software developer, IT support)",,Master’s degree,Every day,66.128,66.128,67.149,1,Yes,,,,,Skin Care,Somewhat disagree,Neither agree nor disagree,Somewhat agree,Somewhat agree,Strongly disagree,Somewhat agree,Somewhat agree,Somewhat agree,Somewhat disagree,Somewhat disagree,Somewhat disagree,Somewhat disagree,Neither agree nor disagree,Neither agree nor disagree,Neither agree nor disagree,Neither agree nor disagree,Neutral,Neutral,Neutral,Neutral,Moderately familiar,Yes,
2025-11-02 22:18:17,2025-11-02 22:21:58,IP Address,67.48.63.218,100,221,True,2025-11-02 22:21:59,R_1UXIe5twUk1aFIj,,,,,30.3383,-97.6681,anonymous,EN,Female,18-28,"Business (e.g., marketing, finance, management)",,Master’s degree,Every day,,,,,,3.893,27.227,29.006,3,Skin Care,Somewhat disagree,Somewhat disagree,Somewhat disagree,Somewhat disagree,Somewhat disagree,Neither agree nor disagree,Somewhat disagree,Somewhat disagree,Somewhat disagree,Neither agree nor disagree,Somewhat disagree,Somewhat disagree,Somewhat disagree,Somewhat agree,Somewhat disagree,Somewhat agree,Neutral,Neutral,Somewhat Dislike,Somewhat Negative,Not familiar at all,No,
2025-11-03 05:20:39,2025-11-03 05:24:03,IP Address,114.136.217.43,100,203,True,2025-11-03 05:24:04,R_4j9Rt92y508gil9,,,,,25.053,121.5259,anonymous,EN,Female,29-44,"Business (e.g., marketing, finance, management)",,Bachelor’s degree,Every day,,,,,,5.966,5.966,32.598,1,Skin Care,Somewhat disagree,Somewhat disagree,Somewhat disagree,Neither agree nor disagree,Somewhat disagree,Somewhat agree,Neither agree nor disagree,Somewhat agree,Somewhat agree,Somewhat agree,Somewhat agree,Somewhat disagree,Neither agree nor disagree,Neither agree nor disagree,Neither agree nor disagree,Neither agree nor disagree,Somewhat Good,Somewhat favorable,Neutral,Somewhat Positive,Not familiar at all,No,
2025-11-03 06:20:07,2025-11-03 06:26:48,IP Address,1.172.63.209,100,401,True,2025-11-03 06:26:49,R_4LFN3VQkCp0K5xW,,,,,22.9917,120.2148,anonymous,EN,Female,18-28,"Technology (e.g., software developer, IT support)",,Some college,Every day,0,0,34.6,0,Yes,,,,,Skin Care,Neither agree nor disagree,Somewhat disagree,Somewhat disagree,Somewhat disagree,Neither agree nor disagree,Neither agree nor disagree,Somewhat disagree,Somewhat disagree,Neither agree nor disagree,Somewhat disagree,Neither agree nor disagree,Somewhat disagree,Somewhat disagree,Neither agree nor disagree,Somewhat disagree,Neither agree nor disagree,Neutral,Somewhat Unfavorable,Neutral,Somewhat Negative,Slightly familar,No,
2025-11-03 08:36:23,2025-11-03 08:43:45,IP Address,123.205.131.9,100,442,True,2025-11-03 08:43:45,R_4rGHdxHJOjV6CTg,,,,,22.6148,120.3139,anonymous,EN,Female,18-28,"Student (e.g., college or graduate student)",,Bachelor’s degree,Every day,2.665,23.065,26.195,10,Yes,,,,,Skin Care,Strongly disagree,Neither agree nor disagree,Strongly disagree,Strongly disagree,Somewhat disagree,Neither agree nor disagree,Strongly disagree,Neither agree nor disagree,Somewhat disagree,Somewhat agree,Somewhat disagree,Neither agree nor disagree,Somewhat disagree,Neither agree nor disagree,Somewhat disagree,Somewhat disagree,Neutral,Neutral,Neutral,Neutral,Not familiar at all,No,
2025-11-03 10:05:45,2025-11-03 10:14:58,IP Address,35.146.26.136,100,553,True,2025-11-03 10:14:59,R_5QW2bYGnLjFyxh0,,,,,30.1826,-97.7394,anonymous,EN,Female,18-28,"Student (e.g., college or graduate student)",,Bachelor’s degree,Every day,,,,,,0,0,71.447,0,Skin Care,Strongly disagree,Somewhat disagree,Somewhat disagree,Neither agree nor disagree,Neither agree nor disagree,Somewhat disagree,Strongly disagree,Somewhat disagree,Neither agree nor disagree,Somewhat disagree,Somewhat disagree,Somewhat disagree,Somewhat disagree,Neither agree nor disagree,Somewhat disagree,Somewhat disagree,Somewhat Bad,Neutral,Neutral,Neutral,Slightly familar,No,
2025-11-03 13:22:14,2025-11-03 13:25:29,IP Address,172.58.165.243,100,194,True,2025-11-03 13:25:29,R_67ED2im0qCQOEEp,,,,,41.8835,-87.6305,anonymous,EN,Female,18-28,"Student (e.g., college or graduate student)",,Bachelor’s degree,Every day,1.998,23.241,23.847,5,Yes,,,,,Skin Care,Strongly disagree,Somewhat agree,Strongly disagree,Strongly disagree,Somewhat disagree,Somewhat disagree,Somewhat disagree,Somewhat disagree,Somewhat disagree,Somewhat agree,Somewhat disagree,Strongly disagree,Strongly disagree,Neither agree nor disagree,Strongly disagree,Strongly disagree,Somewhat Bad,Unfavourable,Dislike,Somewhat Negative,Slightly familar,No,
2025-11-03 15:48:16,2025-11-03 15:52:02,IP Address,145.79.196.4,100,226,True,2025-11-03 15:52:02,R_6MFBMxNZOrlfkIx,,,,,42.3574,-71.0618,anonymous,EN,Male,18-28,"Business (e.g., marketing, finance, management)",,Master’s degree,Every day,,,,,,5.73,28.294,29.426,7,Skin Care,Neither agree nor disagree,Neither agree nor disagree,Neither agree nor disagree,Somewhat disagree,Somewhat agree,Somewhat disagree,Somewhat disagree,Strongly disagree,Neither agree nor disagree,Somewhat disagree,Neither agree nor disagree,Somewhat disagree,Strongly disagree,Neither agree nor disagree,Neither agree nor disagree,Neither agree nor disagree,Neutral,Neutral,Neutral,Neutral,Moderately familiar,No,
2025-11-03 17:25:02,2025-11-03 17:33:43,IP Address,172.226.81.151,100,520,True,2025-11-03 17:33:43,R_72VeaD2pFyDrvci,,,,,37.6901,-97.3404,anonymous,EN,Female,29-44,Others (please specify below): _________,Stay at home mom,Bachelor’s degree,Every day,,,,,,31.373,31.373,32.384,1,Skin Care,Strongly disagree,Somewhat disagree,Strongly disagree,Strongly disagree,Strongly agree,Strongly disagree,Strongly disagree,Strongly disagree,Strongly disagree,Somewhat disagree,Somewhat disagree,Somewhat disagree,Somewhat disagree,Strongly disagree,Strongly disagree,Strongly disagree,Bad,Somewhat Unfavorable,Dislike,Negative,Very familiar,Yes,
2025-11-03 18:27:43,2025-11-03 18:38:03,IP Address,136.62.168.148,100,619,True,2025-11-03 18:38:04,R_6GkW3Q6RUz2iYAl,,,,,30.2424,-97.767,anonymous,EN,Male,29-44,"Technology (e.g., software developer, IT support)",,Master’s degree,Every day,6.644,38.238,42.229,4,Yes,,,,,Skin Care,Neither agree nor disagree,Somewhat agree,Somewhat disagree,Strongly disagree,Neither agree nor disagree,Strongly disagree,Strongly disagree,Strongly disagree,Strongly disagree,Somewhat agree,Somewhat disagree,Somewhat disagree,Somewhat disagree,Neither agree nor disagree,Neither agree nor disagree,Somewhat disagree,Somewhat Bad,Somewhat Unfavorable,Somewhat Dislike,Somewhat Negative,Slightly familar,No,
2025-11-03 19:04:49,2025-11-03 19:08:23,IP Address,136.49.217.250,100,214,True,2025-11-03 19:08:24,R_1TT8wZf1OhJmt7C,,,,,30.1746,-97.8203,anonymous,EN,Male,29-44,"Business (e.g., marketing, finance, management)",,Some college,Every day,9.272,20.251,20.83,3,Yes,,,,,Skin Care,Somewhat disagree,Neither agree nor disagree,Somewhat disagree,Strongly disagree,Neither agree nor disagree,Somewhat disagree,Somewhat disagree,Strongly disagree,Strongly disagree,Somewhat disagree,Neither agree nor disagree,Somewhat disagree,Somewhat disagree,Strongly disagree,Strongly disagree,Strongly disagree,Neutral,Neutral,Neutral,Neutral,Moderately familiar,No,
2025-11-03 19:51:06,2025-11-03 19:54:46,IP Address,35.146.19.164,100,219,True,2025-11-03 19:54:46,R_6TRlqI1NwS8Mfy4,,,,,30.2887,-97.7398,anonymous,EN,Female,18-28,"Student (e.g., college or graduate student)",,Bachelor’s degree,Every day,,,,,,0,0,22.722,0,Skin Care,Somewhat agree,Somewhat agree,Somewhat disagree,Somewhat agree,Somewhat disagree,Somewhat agree,Neither agree nor disagree,Strongly agree,Neither agree nor disagree,Somewhat agree,Somewhat agree,Neither agree nor disagree,Neither agree nor disagree,Neither agree nor disagree,Somewhat disagree,Somewhat disagree,Neutral,Somewhat favorable,Like,Positive,Extremely familiar,Yes,
2025-11-04 12:02:35,2025-11-04 12:05:05,IP Address,136.49.104.202,100,149,True,2025-11-04 12:05:05,R_3DGOwvL4Co65wiA,,,,,30.2424,-97.767,anonymous,EN,Male,29-44,"Business (e.g., marketing, finance, management)",,Some college,Every day,0,0,23.351,0,Yes,,,,,Skin Care,Strongly disagree,Strongly disagree,Strongly disagree,Strongly disagree,Neither agree nor disagree,Strongly disagree,Strongly disagree,Strongly disagree,Strongly disagree,Somewhat agree,Strongly disagree,Strongly disagree,Strongly disagree,Strongly disagree,Strongly disagree,Strongly disagree,Bad,Unfavourable,Dislike,Negative,Slightly familar,No,
2025-10-30 08:54:24,2025-10-30 10:03:17,IP Address,128.62.160.43,61,4133,False,2025-11-06 09:05:25,R_3Rf845eaBt6s4aA,,,,,30.2887,-97.7398,anonymous,EN,Female,18-28,"Student (e.g., college or graduate student)",,Master’s degree,Every day,,,,,,0,0,21.595,0,Skin Care,Somewhat agree,Somewhat disagree,Neither agree nor disagree,Somewhat disagree,Somewhat disagree,Somewhat disagree,Somewhat disagree,Somewhat disagree,Somewhat disagree,,,,,,,,,,,,,,
2025-10-30 12:04:50,2025-10-30 12:05:34,IP Address,128.62.19.82,24,43,False,2025-11-06 11:05:47,R_5dRYa4pLmrxmiOO,,,,,30.2887,-97.7398,anonymous,EN,Female,29-44,"Technology (e.g., software developer, IT support)",,Master’s degree,Every day,,,,,,,,,,,,,,,,,,,,,,,,,,,,,,,,,
2025-10-30 13:34:11,2025-10-30 13:34:25,IP Address,128.62.72.192,8,13,False,2025-11-06 12:34:28,R_51dyoc089H0RTKJ,,,,,30.2887,-97.7398,anonymous,EN,Female,,,,,,,,,,,,,,,,,,,,,,,,,,,,,,,,,,,,,,
2025-10-30 13:49:48,2025-10-30 14:00:40,IP Address,70.125.236.3,84,651,False,2025-11-06 13:02:32,R_6rIY52cfdzIgZPc,,,,,30.2887,-97.7398,anonymous,EN,Male,29-44,"Student (e.g., college or graduate student)",,Master’s degree,Every day,,,,,,2.325,56.638,57.014,9,Skin Care,Somewhat disagree,Somewhat agree,Somewhat agree,Somewhat agree,Strongly disagree,Somewhat agree,Somewhat disagree,Somewhat agree,Neither agree nor disagree,Somewhat agree,Neither agree nor disagree,Neither agree nor disagree,Neither agree nor disagree,Somewhat agree,Neither agree nor disagree,Neither agree nor disagree,Neutral,Neutral,,,,,
2025-10-30 14:32:02,2025-10-30 14:33:41,IP Address,128.62.42.56,37,98,False,2025-11-06 13:33:45,R_7OCvOAV81M0QxDG,,,,,30.2887,-97.7398,anonymous,EN,Male,18-28,Unemployed (currently not working),,Bachelor’s degree,Every day,28.114,28.805,29.297,3,Yes,,,,,Skin Care,,,,,,,,,,,,,,,,,,,,,,,
2025-10-30 14:37:10,2025-10-30 14:38:02,IP Address,128.62.111.10,26,51,False,2025-11-06 13:38:07,R_1kGrHYsrWVgHEDl,,,,,30.2887,-97.7398,anonymous,EN,Female,29-44,"Student (e.g., college or graduate student)",,Bachelor’s degree,Every day,,,,,,,,,,,,,,,,,,,,,,,,,,,,,,,,,
2025-10-30 15:39:18,2025-10-30 15:39:36,IP Address,128.62.50.156,11,17,False,2025-11-06 14:39:44,R_6mMxCESoHAuuvVn,,,,,30.2887,-97.7398,anonymous,EN,Female,29-44,,,,,,,,,,,,,,,,,,,,,,,,,,,,,,,,,,,,,
2025-11-07 07:07:11,2025-11-07 07:22:56,IP Address,60.244.177.141,100,945,True,2025-11-07 07:22:57,R_40ieqUKjyw4B22Z,,,,,24.144,120.6844,anonymous,EN,Female,18-28,Others (please specify below): _________,Museum,Bachelor’s degree,Several times a week,,,,,,34.466,42.329,43.019,6,Skin Care,Neither agree nor disagree,Somewhat disagree,Neither agree nor disagree,Somewhat disagree,Neither agree nor disagree,Neither agree nor disagree,Somewhat disagree,Somewhat disagree,Neither agree nor disagree,Somewhat agree,Neither agree nor disagree,Neither agree nor disagree,Neither agree nor disagree,Neither agree nor disagree,Neither agree nor disagree,Neither agree nor disagree,Neutral,Neutral,Neutral,Neutral,Moderately familiar,No,
2025-11-07 10:11:39,2025-11-07 10:16:55,IP Address,27.51.112.193,100,315,True,2025-11-07 10:16:55,R_4l6nGeSYJ9b15lF,,,,,24.144,120.6844,anonymous,EN,Female,29-44,"Technology (e.g., software developer, IT support)",,Some college,Every day,,,,,,39.026,39.966,39.994,2,Skin Care,Neither agree nor disagree,Neither agree nor disagree,Neither agree nor disagree,Somewhat agree,Somewhat disagree,Somewhat agree,Somewhat disagree,Somewhat agree,Neither agree nor disagree,Somewhat disagree,Somewhat disagree,Somewhat disagree,Somewhat disagree,Somewhat disagree,Somewhat disagree,Somewhat disagree,Neutral,Neutral,Neutral,Neutral,Slightly familar,Yes,
2025-11-07 13:45:41,2025-11-07 14:23:54,IP Address,99.156.189.130,100,2293,True,2025-11-07 14:23:56,R_3C2xW175W4rPu0Y,,,,,30.3773,-97.71,anonymous,EN,Female,18-28,"Technology (e.g., software developer, IT support)",,Master’s degree,Every day,0,0,20.913,0,Yes,,,,,Skin Care,Somewhat disagree,Neither agree nor disagree,Somewhat disagree,Somewhat disagree,Neither agree nor disagree,Somewhat disagree,Neither agree nor disagree,Somewhat disagree,Strongly disagree,Strongly disagree,Strongly disagree,Somewhat disagree,Somewhat disagree,Neither agree nor disagree,Somewhat disagree,Strongly disagree,Somewhat Bad,Somewhat Unfavorable,Somewhat Dislike,Somewhat Negative,Very familiar,No,
2025-11-08 22:24:27,2025-11-08 22:27:23,IP Address,1.163.84.2,100,175,True,2025-11-08 22:27:24,R_4WAuRXS0jk5kLxu,,,,,25.053,121.5259,anonymous,EN,Male,29-44,"Technology (e.g., software developer, IT support)",,Master’s degree,Every day,,,,,,9.147,9.147,20.952,1,Skin Care,Strongly disagree,Neither agree nor disagree,Somewhat disagree,Somewhat disagree,Somewhat disagree,Neither agree nor disagree,Neither agree nor disagree,Somewhat disagree,Somewhat disagree,Somewhat disagree,Somewhat disagree,Somewhat disagree,Somewhat disagree,Somewhat disagree,Somewhat disagree,Somewhat disagree,Neutral,Neutral,Neutral,Neutral,Slightly familar,Yes,
2025-11-08 21:59:54,2025-11-09 00:50:36,IP Address,163.61.150.90,100,10241,True,2025-11-09 00:50:36,R_9hFFStWwKsYC5c5,,,,,22.2578,114.1657,anonymous,EN,Female,29-44,"Technology (e.g., software developer, IT support)",,Bachelor’s degree,Every day,37.08,57.918,58.947,6,Yes,,,,,Skin Care,Somewhat disagree,Neither agree nor disagree,Somewhat disagree,Somewhat disagree,Neither agree nor disagree,Somewhat disagree,Somewhat disagree,Somewhat disagree,Neither agree nor disagree,Strongly agree,Strongly agree,Neither agree nor disagree,Neither agree nor disagree,Somewhat disagree,Somewhat disagree,Somewhat disagree,Neutral,Neutral,Neutral,Neutral,Not familiar at all,No,
2025-11-09 04:40:48,2025-11-09 04:45:29,IP Address,36.226.76.159,100,281,True,2025-11-09 04:45:30,R_9SfpdG5gnkCjIHq,,,,,25.053,121.5259,anonymous,EN,Female,29-44,"Business (e.g., marketing, finance, management)",,Bachelor’s degree,Every day,12.179,21.403,22.961,3,Yes,,,,,Skin Care,Somewhat agree,Somewhat agree,Somewhat agree,Neither agree nor disagree,Somewhat disagree,Neither agree nor disagree,Neither agree nor disagree,Neither agree nor disagree,Neither agree nor disagree,Somewhat agree,Somewhat agree,Neither agree nor disagree,Neither agree nor disagree,Neither agree nor disagree,Neither agree nor disagree,Neither agree nor disagree,Somewhat Good,Somewhat favorable,Somewhat Like,Somewhat Positive,Not familiar at all,Yes,
2025-10-30 13:30:53,2025-11-02 10:44:35,IP Address,24.243.144.36,95,252822,False,2025-11-09 10:44:38,R_5Hc3XPyLJtppeRJ,,,,,30.3023,-97.6914,anonymous,EN,Female,18-28,"Technology (e.g., software developer, IT support)",,High school diploma or GED,Several times a week,,,,,,0,0,23.54,0,Skin Care,Somewhat agree,Somewhat agree,Neither agree nor disagree,Somewhat agree,Somewhat agree,Somewhat agree,Somewhat agree,Somewhat agree,Somewhat agree,Somewhat agree,Somewhat agree,Somewhat agree,Somewhat agree,Somewhat agree,Somewhat agree,Somewhat agree,Somewhat Good,Somewhat Unfavorable,Neutral,Neutral,,,
2025-11-02 18:26:26,2025-11-02 18:27:22,IP Address,101.10.77.86,11,55,False,2025-11-09 18:27:23,R_40w7A43u84Uf8Rj,,,,,25.053,121.5259,anonymous,EN,Male,18-28,,,,,,,,,,,,,,,,,,,,,,,,,,,,,,,,,,,,,
2025-11-02 19:49:29,2025-11-02 19:54:18,IP Address,173.172.25.124,95,288,False,2025-11-09 19:54:21,R_5to2p0sRaj7CFWv,,,,,30.3607,-97.8241,anonymous,EN,Female,29-44,Others (please specify below): _________,Education,Bachelor’s degree,Every day,4.444,4.444,85.194,1,Yes,,,,,Skin Care,Neither agree nor disagree,Somewhat disagree,Somewhat disagree,Somewhat agree,Neither agree nor disagree,Neither agree nor disagree,Neither agree nor disagree,Neither agree nor disagree,Neither agree nor disagree,Somewhat agree,Neither agree nor disagree,Neither agree nor disagree,Neither agree nor disagree,Neither agree nor disagree,Neither agree nor disagree,Neither agree nor disagree,Neutral,Neutral,Neutral,Neutral,,,
2025-11-02 22:22:09,2025-11-02 22:22:27,IP Address,67.48.63.218,26,17,False,2025-11-09 22:22:30,R_5z8yxrOGf5h27Fy,,,,,30.3383,-97.6681,anonymous,EN,Female,18-28,"Business (e.g., marketing, finance, management)",,Master’s degree,Every day,,,,,,,,,,,,,,,,,,,,,,,,,,,,,,,,,
2025-11-02 23:43:56,2025-11-02 23:44:23,IP Address,223.137.198.19,11,26,False,2025-11-09 23:44:25,R_4riwio43u9CO9pf,,,,,25.053,121.5259,anonymous,EN,Male,29-44,,,,,,,,,,,,,,,,,,,,,,,,,,,,,,,,,,,,,
2025-11-03 01:07:45,2025-11-03 01:08:44,IP Address,101.10.77.86,37,58,False,2025-11-10 01:08:48,R_4WUYbnf8lURDJrp,,,,,25.053,121.5259,anonymous,EN,Male,18-28,"Technology (e.g., software developer, IT support)",,Bachelor’s degree,About once a week,0,0,21.485,0,Yes,,,,,Skin Care,,,,,,,,,,,,,,,,,,,,,,,
2025-11-03 02:30:28,2025-11-03 02:30:56,IP Address,114.136.179.126,3,27,False,2025-11-10 02:30:58,R_9QgFgpH9qLMec2R,,,,,25.053,121.5259,anonymous,EN,,,,,,,,,,,,,,,,,,,,,,,,,,,,,,,,,,,,,,,
2025-11-03 06:27:07,2025-11-03 06:27:42,IP Address,70.51.246.136,11,34,False,2025-11-10 06:29:18,R_7Vho0uisfBDExYR,,,,,43.7687,-79.4109,anonymous,EN,Female,29-44,,,,,,,,,,,,,,,,,,,,,,,,,,,,,,,,,,,,,
2025-11-03 08:18:45,2025-11-03 08:19:25,IP Address,168.149.129.20,13,39,False,2025-11-10 08:19:25,R_6hQ9D2lA2Rk8nuh,,,,,60.1719,24.9347,anonymous,EN,Female,29-44,"Technology (e.g., software developer, IT support)",,,,,,,,,,,,,,,,,,,,,,,,,,,,,,,,,,,,
2025-11-10 11:54:15,2025-11-10 12:01:29,IP Address,104.28.116.20,100,433,True,2025-11-10 12:01:29,R_1Pmz3tFdry4OdMd,,,,,49.2476,-123.1234,anonymous,EN,Male,29-44,"Technology (e.g., software developer, IT support)",,Master’s degree,Every day,,,,,,27.575,27.575,51.535,1,Skin Care,Strongly disagree,Somewhat disagree,Somewhat disagree,Strongly disagree,Somewhat agree,Neither agree nor disagree,Somewhat disagree,Somewhat agree,Somewhat agree,Somewhat agree,Somewhat agree,Neither agree nor disagree,Neither agree nor disagree,Neither agree nor disagree,Neither agree nor disagree,Neither agree nor disagree,Neutral,Neutral,Neutral,Neutral,Not familiar at all,No,
2025-11-10 14:45:57,2025-11-10 14:49:55,IP Address,4.14.101.34,100,237,True,2025-11-10 14:49:56,R_5WCKcJBI1wRR6zk,,,,,38.8732,-77.1151,anonymous,EN,Female,18-28,"Business (e.g., marketing, finance, management)",,Master’s degree,Every day,,,,,,30.45,30.45,31.502,1,Skin Care,Neither agree nor disagree,Somewhat disagree,Neither agree nor disagree,Somewhat disagree,Neither agree nor disagree,Somewhat disagree,Strongly disagree,Neither agree nor disagree,Neither agree nor disagree,Somewhat agree,Somewhat agree,Somewhat disagree,Neither agree nor disagree,Neither agree nor disagree,Neither agree nor disagree,Somewhat disagree,Neutral,Neutral,Neutral,Neutral,Slightly familar,No,
2025-11-10 17:24:02,2025-11-10 17:31:18,IP Address,163.26.79.91,100,435,True,2025-11-10 17:31:18,R_4jHfaVnmXf0LHA4,,,,,22.9917,120.2148,anonymous,EN,Female,29-44,Others (please specify below): _________,School's admin staff,Bachelor’s degree,Every day,5.453,5.453,41.797,1,Yes,,,,,Skin Care,Somewhat disagree,Neither agree nor disagree,Somewhat disagree,Somewhat disagree,Neither agree nor disagree,Neither agree nor disagree,Neither agree nor disagree,Neither agree nor disagree,Somewhat agree,Somewhat agree,Somewhat agree,Neither agree nor disagree,Neither agree nor disagree,Neither agree nor disagree,Neither agree nor disagree,Somewhat disagree,Neutral,Neutral,Neutral,Neutral,Slightly familar,No,
2025-11-10 17:34:12,2025-11-10 17:42:24,IP Address,163.26.79.91,100,492,True,2025-11-10 17:42:25,R_4Yt7fo5vMPiah5D,,,,,22.9917,120.2148,anonymous,EN,Female,29-44,Others (please specify below): _________,,Bachelor’s degree,Every day,,,,,,0,0,37.012,0,Skin Care,Neither agree nor disagree,Somewhat disagree,Somewhat disagree,Neither agree nor disagree,Somewhat disagree,Somewhat disagree,Somewhat disagree,Somewhat agree,Neither agree nor disagree,Somewhat disagree,Neither agree nor disagree,Somewhat disagree,Somewhat disagree,Neither agree nor disagree,Neither agree nor disagree,Somewhat disagree,Somewhat Bad,Somewhat Unfavorable,Somewhat Dislike,Neutral,Slightly familar,Yes,
2025-11-10 17:38:10,2025-11-10 17:47:04,IP Address,163.26.79.91,100,533,True,2025-11-10 17:47:04,R_9v62zH4izDgrWO6,,,,,22.9917,120.2148,anonymous,EN,Male,29-44,Others (please specify below): _________,"Education ",Master’s degree,Every day,32.022,49.84,51.196,2,Yes,,,,,Skin Care,Somewhat agree,Somewhat agree,Somewhat agree,Somewhat agree,Somewhat disagree,Somewhat agree,Somewhat agree,Somewhat agree,Strongly disagree,Somewhat agree,Strongly disagree,Somewhat agree,Somewhat agree,Strongly disagree,Somewhat agree,Somewhat agree,Good,Favourable,Somewhat Like,Positive,Very familiar,No,
2025-11-10 18:26:18,2025-11-10 18:31:07,IP Address,163.26.79.91,100,289,True,2025-11-10 18:31:08,R_98YsjLYklL21SiJ,,,,,22.9917,120.2148,anonymous,EN,Female,29-44,Others (please specify below): _________,,Master’s degree,Never,,,,,,0,0,22.467,0,Skin Care,Neither agree nor disagree,Somewhat disagree,Strongly disagree,Strongly disagree,Strongly agree,Strongly disagree,Strongly disagree,Strongly disagree,Neither agree nor disagree,Neither agree nor disagree,Neither agree nor disagree,Strongly disagree,Somewhat disagree,Neither agree nor disagree,Strongly disagree,Strongly disagree,Somewhat Bad,Somewhat Unfavorable,Somewhat Dislike,Somewhat Negative,Not familiar at all,No,
2025-11-04 12:02:17,2025-11-04 12:02:24,IP Address,136.49.104.202,3,6,False,2025-11-11 12:02:29,R_35QMhBPD511bOil,,,,,30.2424,-97.767,anonymous,EN,,,,,,,,,,,,,,,,,,,,,,,,,,,,,,,,,,,,,,,
2025-11-07 07:05:06,2025-11-07 07:06:30,IP Address,60.244.177.141,11,84,False,2025-11-14 07:06:33,R_9GPsi6piDyPPRaV,,,,,24.144,120.6844,anonymous,EN,Female,29-44,,,,,,,,,,,,,,,,,,,,,,,,,,,,,,,,,,,,,
2025-11-07 22:38:34,2025-11-07 22:45:00,IP Address,27.53.224.171,58,386,False,2025-11-14 22:45:06,R_9QLfmuOdgzvPjQ1,,,,,25.053,121.5259,anonymous,EN,Male,29-44,"Technology (e.g., software developer, IT support)",,Master’s degree,Every day,36.766,61.093,62.332,7,Yes,,,,,Skin Care,Somewhat agree,Somewhat agree,Neither agree nor disagree,Somewhat agree,Strongly disagree,Somewhat agree,Somewhat agree,Somewhat agree,,,,,,,,,,,,,,,
2025-11-07 22:38:00,2025-11-07 23:22:54,IP Address,27.53.224.171,3,2694,False,2025-11-14 23:22:56,R_4Xb70iJBYKIfZWH,,,,,25.053,121.5259,anonymous,EN,,,,,,,,,,,,,,,,,,,,,,,,,,,,,,,,,,,,,,,
2025-11-08 21:33:59,2025-11-08 21:35:29,IP Address,223.139.190.126,26,90,False,2025-11-15 21:35:31,R_4JK8z2Vdu8rjzTB,,,,,22.6148,120.3139,anonymous,EN,Female,18-28,Others (please specify below): _________,school's admin staff,Bachelor’s degree,Every day,,,,,,,,,,,,,,,,,,,,,,,,,,,,,,,,,
2025-11-10 13:21:06,2025-11-10 14:42:32,IP Address,4.14.101.34,95,4886,False,2025-11-17 14:42:32,R_3esebrxFWlN42XT,,,,,38.8732,-77.1151,anonymous,EN,Female,18-28,"Business (e.g., marketing, finance, management)",,Master’s degree,Every day,4.704,7.833,37.192,3,Yes,,,,,Skin Care,Somewhat disagree,Neither agree nor disagree,Somewhat disagree,Somewhat disagree,Neither agree nor disagree,Somewhat disagree,Somewhat disagree,Neither agree nor disagree,Neither agree nor disagree,Somewhat disagree,Neither agree nor disagree,Somewhat disagree,Somewhat disagree,Neither agree nor disagree,Neither agree nor disagree,Somewhat disagree,Neutral,Neutral,Neutral,Neutral,,,
2025-11-10 16:27:37,2025-11-10 16:27:51,IP Address,126.236.140.70,5,14,False,2025-11-17 16:27:55,R_9M6DlGUT7ndF2Ti,,,,,35.69,139.69,anonymous,EN,,,,,,,,,,,,,,,,,,,,,,,,,,,,,,,,,,,,,,,
2025-11-10 18:28:13,2025-11-10 18:29:15,IP Address,163.26.79.91,26,62,False,2025-11-17 18:29:24,R_4Cw39sqOsqbT10c,,,,,22.9917,120.2148,anonymous,EN,Female,29-44,Unemployed (currently not working),,Master’s degree,Never,,,,,,,,,,,,,,,,,,,,,,,,,,,,,,,,,
2025-11-28 16:09:27,2025-11-28 16:12:54,IP Address,70.114.205.3,100,207,True,2025-11-28 16:12:55,R_6q4LgJU0cK6LQrf,,,,,30.3471,-97.7649,anonymous,EN,Female,18-28,"Student (e.g., college or graduate student)",,Bachelor’s degree,Every day,2.849,31.127,33.313,6,Yes,,,,,Skin Care,Neither agree nor disagree,Somewhat disagree,Somewhat disagree,Somewhat disagree,Somewhat disagree,Somewhat disagree,Somewhat disagree,Somewhat disagree,Neither agree nor disagree,Somewhat agree,Somewhat agree,Somewhat disagree,Strongly disagree,Somewhat disagree,Somewhat disagree,Somewhat disagree,Neutral,Neutral,Neutral,Neutral,Slightly familar,Yes,
2025-11-28 16:39:56,2025-11-28 17:09:10,Survey Preview,,100,1753,True,2025-11-28 17:09:10,R_7PTWaMWa2O5SGlG,,,,,30.3471,-97.7649,preview,EN,Female,18-28,Unemployed (currently not working),,Bachelor’s degree,Every day,,,,,,11.317,11.317,68.602,1,Skin Care,Somewhat disagree,Somewhat agree,Neither agree nor disagree,Somewhat disagree,Strongly disagree,Somewhat disagree,Neither agree nor disagree,Neither agree nor disagree,Somewhat disagree,Strongly agree,Somewhat agree,Somewhat agree,Somewhat agree,Neither agree nor disagree,Somewhat disagree,Somewhat disagree,Neutral,Somewhat Unfavorable,Somewhat Dislike,Neutral,Moderately familiar,Yes,
